{
  "project_info": {
    "project_number": "510771446075",
    "project_id": "gameonv3-13005",
    "storage_bucket": "gameonv3-13005.appspot.com"
  },
  "client": [
    {
      "client_info": {
        "mobilesdk_app_id": "1:510771446075:android:1ce5e7776f47fbea5c371e",
        "android_client_info": {
          "package_name": "com.example.gameonv3"
        }
      },
      "oauth_client": [
        {
          "client_id": "510771446075-oha42ghau25016pngvk9ms9f7qu264f7.apps.googleusercontent.com",
          "client_type": 3
        }
      ],
      "api_key": [
        {
          "current_key": "AIzaSyCDGKfr0rqTeBHzIsNUdrnrD-R0ef3HpIU"
        }
      ],
      "services": {
        "appinvite_service": {
          "other_platform_oauth_client": [
            {
              "client_id": "510771446075-oha42ghau25016pngvk9ms9f7qu264f7.apps.googleusercontent.com",
              "client_type": 3
            }
          ]
        }
      }
    }
  ],
  "configuration_version": "1"
}